controller,spacing,headway,leaderSpeed,useRadarPredSpeed,attackStart,repetition,min_distance,expected_distance,max_distance,min_distance_delta,max_distance_delta,vehicle,crashed
PATH,10.0,0.0,100.0,False,10.0,0.0,0.0,10.0,11.8983,10.0,1.8983000000000008,6,True
PATH,10.0,0.0,100.0,True,10.0,0.0,9.99962,10.0,10.0001,0.0003799999999998249,9.999999999976694e-05,2,False
Consensus,10.0,0.0,100.0,False,10.0,0.0,9.99881,10.0,10.0,0.0011899999999993582,0.0,2,False
Consensus,10.0,0.0,100.0,True,10.0,0.0,9.99882,10.0,10.0,0.0011799999999997368,0.0,2,False
Flatbed,10.0,0.0,100.0,False,10.0,0.0,9.86114,10.0,10.0267,0.13885999999999932,0.026699999999999946,6,False
Flatbed,10.0,0.0,100.0,True,10.0,0.0,9.9999,10.0,10.0,9.999999999976694e-05,0.0,2,False
Ploeg,2.0,0.288,100.0,False,10.0,0.0,0.256779,10.0,10.1401,9.743221,0.14010000000000034,6,False
Ploeg,2.0,0.288,100.0,True,10.0,0.0,9.9993,10.0,10.0,0.000700000000000145,0.0,2,False
