controller,spacing,headway,leaderSpeed,useRadarPredSpeed,attackStart,repetition,min_distance,expected_distance,max_distance,min_distance_delta,max_distance_delta,vehicle,crashed
PATH,10.0,0.0,100.0,False,10.0,0.0,9.99961,10.0,10.0001,0.00038999999999944635,9.999999999976694e-05,2,False
PATH,10.0,0.0,100.0,True,10.0,0.0,9.99962,10.0,10.0001,0.0003799999999998249,9.999999999976694e-05,2,False
Consensus,10.0,0.0,100.0,False,10.0,0.0,9.99881,10.0,10.0,0.0011899999999993582,0.0,2,False
Consensus,10.0,0.0,100.0,True,10.0,0.0,9.99882,10.0,10.0,0.0011799999999997368,0.0,2,False
Flatbed,10.0,0.0,100.0,False,10.0,0.0,9.99989,10.0,10.0,0.00010999999999938836,0.0,2,False
Flatbed,10.0,0.0,100.0,True,10.0,0.0,9.9999,10.0,10.0,9.999999999976694e-05,0.0,2,False
Ploeg,2.0,0.288,100.0,False,10.0,0.0,9.99929,10.0,10.0001,0.0007099999999997664,9.999999999976694e-05,2,False
Ploeg,2.0,0.288,100.0,True,10.0,0.0,9.9993,10.0,10.0,0.000700000000000145,0.0,2,False
