controller,spacing,headway,leaderSpeed,useRadarPredSpeed,attackStart,repetition,min_distance,expected_distance,max_distance,min_distance_delta,max_distance_delta,vehicle,crashed
PATH,10.0,0.0,100.0,False,10.0,0.0,0.0,10.0,13.0041,10.0,3.0040999999999993,6,True
PATH,10.0,0.0,100.0,True,10.0,0.0,0.0,10.0,11.2803,10.0,1.2803000000000004,6,True
Consensus,10.0,0.0,100.0,False,10.0,0.0,9.99881,10.0,10.0,0.0011899999999993582,0.0,2,False
Consensus,10.0,0.0,100.0,True,10.0,0.0,9.99882,10.0,10.0,0.0011799999999997368,0.0,2,False
Flatbed,10.0,0.0,100.0,False,10.0,0.0,8.20423,10.0,10.1998,1.7957699999999992,0.19979999999999976,6,False
Flatbed,10.0,0.0,100.0,True,10.0,0.0,9.9995,10.0,10.0001,0.0005000000000006111,9.999999999976694e-05,6,False
Ploeg,2.0,0.288,100.0,False,10.0,0.0,0.0,10.0,10.5178,10.0,0.5177999999999994,6,True
Ploeg,2.0,0.288,100.0,True,10.0,0.0,4.95416,10.0,10.0726,5.04584,0.07259999999999955,6,False
