controller,spacing,headway,leaderSpeed,useRadarPredSpeed,attackStart,repetition,min_distance,expected_distance,max_distance,min_distance_delta,max_distance_delta,vehicle,crashed
PATH,10.0,0.0,100.0,False,10.0,0.0,0.0,10.0,12.4088,10.0,2.4087999999999994,6,True
PATH,10.0,0.0,100.0,True,10.0,0.0,0.0,10.0,11.2747,10.0,1.2746999999999993,6,True
Consensus,10.0,0.0,100.0,False,10.0,0.0,8.41964,10.0,10.2424,1.5803600000000007,0.24239999999999995,2,False
Consensus,10.0,0.0,100.0,True,10.0,0.0,8.42126,10.0,10.2422,1.5787399999999998,0.24220000000000041,2,False
Flatbed,10.0,0.0,100.0,False,10.0,0.0,9.81679,10.0,10.0262,0.18321000000000076,0.026199999999999335,6,False
Flatbed,10.0,0.0,100.0,True,10.0,0.0,9.8574,10.0,10.0183,0.14259999999999984,0.018299999999999983,2,False
Ploeg,2.0,0.288,100.0,False,10.0,0.0,0.0,10.0,10.2117,10.0,0.21170000000000044,6,True
Ploeg,2.0,0.288,100.0,True,10.0,0.0,3.79673,10.0,10.071,6.20327,0.07099999999999973,6,False
