controller,spacing,headway,leaderSpeed,useRadarPredSpeed,attackStart,repetition,min_distance,expected_distance,max_distance,min_distance_delta,max_distance_delta,vehicle,crashed
PATH,10.0,0.0,100.0,False,-1.0,0.0,9.93034,10.0,10.2423,0.06966000000000072,0.24230000000000018,3,False
PATH,10.0,0.0,100.0,True,-1.0,0.0,9.93091,10.0,10.2422,0.06908999999999921,0.24220000000000041,3,False
Consensus,10.0,0.0,100.0,False,-1.0,0.0,8.41964,10.0,10.2424,1.5803600000000007,0.24239999999999995,2,False
Consensus,10.0,0.0,100.0,True,-1.0,0.0,8.42126,10.0,10.2422,1.5787399999999998,0.24220000000000041,2,False
Flatbed,10.0,0.0,100.0,False,-1.0,0.0,9.85605,10.0,10.0185,0.14395000000000024,0.018499999999999517,2,False
Flatbed,10.0,0.0,100.0,True,-1.0,0.0,9.8574,10.0,10.0183,0.14259999999999984,0.018299999999999983,2,False
Ploeg,2.0,0.288,100.0,False,-1.0,0.0,8.77772,10.0,10.0001,1.2222799999999996,9.999999999976694e-05,8,False
Ploeg,2.0,0.288,100.0,True,-1.0,0.0,8.78038,10.0,10.0,1.2196200000000008,0.0,8,False
