controller,spacing,headway,leaderSpeed,useRadarPredSpeed,attackStart,repetition,min_distance,expected_distance,max_distance,min_distance_delta,max_distance_delta,vehicle,crashed
PATH,10.0,0.0,100.0,False,10.0,0.0,0.0,10.0,11.3512,10.0,1.3512000000000004,6,True
PATH,10.0,0.0,100.0,True,10.0,0.0,0.0,10.0,11.2789,10.0,1.2789000000000001,6,True
Consensus,10.0,0.0,100.0,False,10.0,0.0,8.7799,10.0,11.1054,1.2201000000000004,1.1053999999999995,2,False
Consensus,10.0,0.0,100.0,True,10.0,0.0,8.78195,10.0,11.1039,1.2180499999999999,1.1038999999999994,2,False
Flatbed,10.0,0.0,100.0,False,10.0,0.0,9.9051,10.0,10.0993,0.09490000000000087,0.0992999999999995,2,False
Flatbed,10.0,0.0,100.0,True,10.0,0.0,9.90623,10.0,10.0982,0.09376999999999924,0.09820000000000029,2,False
Ploeg,2.0,0.288,100.0,False,10.0,0.0,4.4267,10.0,10.589,5.5733,0.5890000000000004,6,False
Ploeg,2.0,0.288,100.0,True,10.0,0.0,4.58552,10.0,10.5879,5.41448,0.5878999999999994,6,False
