controller,spacing,headway,leaderSpeed,useRadarPredSpeed,attackStart,repetition,min_distance,expected_distance,max_distance,min_distance_delta,max_distance_delta,vehicle,crashed
PATH,10.0,0.0,100.0,False,10.0,0.0,0.0,10.0,10.2455,10.0,0.24549999999999983,2,True
PATH,10.0,0.0,100.0,True,10.0,0.0,3.09672,10.0,10.0002,6.9032800000000005,0.00019999999999953388,3,False
Consensus,10.0,0.0,100.0,False,10.0,0.0,0.0,10.0,10.0,10.0,0.0,2,True
Consensus,10.0,0.0,100.0,True,10.0,0.0,0.0,10.0,10.0072,10.0,0.007199999999999207,3,True
Flatbed,10.0,0.0,100.0,False,10.0,0.0,0.0,10.0,10.0,10.0,0.0,2,True
Flatbed,10.0,0.0,100.0,True,10.0,0.0,0.0,10.0,10.022,10.0,0.02200000000000024,3,True
Ploeg,2.0,0.288,100.0,False,10.0,0.0,0.25678,10.0,10.1401,9.74322,0.14010000000000034,2,False
Ploeg,2.0,0.288,100.0,True,10.0,0.0,9.9993,10.0,10.0,0.000700000000000145,0.0,2,False
