controller,spacing,headway,leaderSpeed,useRadarPredSpeed,attackStart,repetition,min_distance,expected_distance,max_distance,min_distance_delta,max_distance_delta,vehicle,crashed
PATH,10.0,0.0,100.0,False,10.0,0.0,0.0,10.0,10.0029,10.0,0.0029000000000003467,2,True
PATH,10.0,0.0,100.0,True,10.0,0.0,0.0,10.0,10.0026,10.0,0.0025999999999992696,2,True
Consensus,10.0,0.0,100.0,False,10.0,0.0,9.7848,10.0,10.0001,0.2151999999999994,9.999999999976694e-05,2,False
Consensus,10.0,0.0,100.0,True,10.0,0.0,9.79273,10.0,10.0001,0.2072699999999994,9.999999999976694e-05,3,False
Flatbed,10.0,0.0,100.0,False,10.0,0.0,9.77728,10.0,10.0001,0.2227200000000007,9.999999999976694e-05,2,False
Flatbed,10.0,0.0,100.0,True,10.0,0.0,9.78009,10.0,10.0001,0.2199100000000005,9.999999999976694e-05,3,False
Ploeg,2.0,0.288,100.0,False,10.0,0.0,4.79634,10.0,10.0766,5.20366,0.07659999999999911,2,False
Ploeg,2.0,0.288,100.0,True,10.0,0.0,4.95416,10.0,10.0726,5.04584,0.07259999999999955,2,False
