controller,spacing,headway,leaderSpeed,useRadarPredSpeed,attackStart,repetition,min_distance,expected_distance,max_distance,min_distance_delta,max_distance_delta,vehicle,crashed
PATH,10.0,0.0,100.0,False,10.0,0.0,0.0,10.0,10.0221,10.0,0.02210000000000001,2,True
PATH,10.0,0.0,100.0,True,10.0,0.0,0.0,10.0,10.0022,10.0,0.002200000000000202,2,True
Consensus,10.0,0.0,100.0,False,10.0,0.0,0.0,10.0,10.0001,10.0,9.999999999976694e-05,2,True
Consensus,10.0,0.0,100.0,True,10.0,0.0,0.0,10.0,10.0001,10.0,9.999999999976694e-05,3,True
Flatbed,10.0,0.0,100.0,False,10.0,0.0,0.0,10.0,10.0001,10.0,9.999999999976694e-05,2,True
Flatbed,10.0,0.0,100.0,True,10.0,0.0,0.0,10.0,10.0031,10.0,0.0030999999999998806,3,True
Ploeg,2.0,0.288,100.0,False,10.0,0.0,0.0,10.0,10.5179,10.0,0.5178999999999991,2,True
Ploeg,2.0,0.288,100.0,True,10.0,0.0,4.95416,10.0,10.0726,5.04584,0.07259999999999955,2,False
