controller,spacing,headway,leaderSpeed,useRadarPredSpeed,attackStart,repetition,min_distance,expected_distance,max_distance,min_distance_delta,max_distance_delta,vehicle,crashed
PATH,10.0,0.0,100.0,False,10.0,0.0,0.0,10.0,10.0029,10.0,0.0029000000000003467,2,True
PATH,10.0,0.0,100.0,True,10.0,0.0,0.0,10.0,10.0026,10.0,0.0025999999999992696,2,True
Consensus,10.0,0.0,100.0,False,10.0,0.0,8.21935,10.0,10.0277,1.7806499999999996,0.027699999999999392,2,False
Consensus,10.0,0.0,100.0,True,10.0,0.0,8.38484,10.0,10.2032,1.6151599999999995,0.2032000000000007,2,False
Flatbed,10.0,0.0,100.0,False,10.0,0.0,9.65534,10.0,10.0001,0.3446599999999993,9.999999999976694e-05,2,False
Flatbed,10.0,0.0,100.0,True,10.0,0.0,9.71551,10.0,10.0001,0.2844899999999999,9.999999999976694e-05,3,False
Ploeg,2.0,0.288,100.0,False,10.0,0.0,3.69951,10.0,10.0736,6.30049,0.07360000000000078,2,False
Ploeg,2.0,0.288,100.0,True,10.0,0.0,3.85705,10.0,10.0706,6.14295,0.07060000000000066,2,False
