controller,spacing,headway,leaderSpeed,useRadarPredSpeed,attackStart,repetition,min_distance,expected_distance,max_distance,min_distance_delta,max_distance_delta,vehicle,crashed
PATH,10.0,0.0,100.0,False,10.0,0.0,0.0,10.0,10.2763,10.0,0.2763000000000009,2,True
PATH,10.0,0.0,100.0,True,10.0,0.0,3.04734,10.0,10.0966,6.95266,0.09660000000000046,3,False
Consensus,10.0,0.0,100.0,False,10.0,0.0,0.0,10.0,11.1054,10.0,1.1053999999999995,2,True
Consensus,10.0,0.0,100.0,True,10.0,0.0,0.0,10.0,11.1039,10.0,1.1038999999999994,3,True
Flatbed,10.0,0.0,100.0,False,10.0,0.0,0.0,10.0,10.0993,10.0,0.0992999999999995,2,True
Flatbed,10.0,0.0,100.0,True,10.0,0.0,0.0,10.0,10.0982,10.0,0.09820000000000029,3,True
Ploeg,2.0,0.288,100.0,False,10.0,0.0,0.0,10.0,10.589,10.0,0.5890000000000004,2,True
Ploeg,2.0,0.288,100.0,True,10.0,0.0,9.58218,10.0,10.5879,0.41782000000000075,0.5878999999999994,2,False
