controller,spacing,headway,leaderSpeed,useRadarPredSpeed,attackStart,repetition,min_distance,expected_distance,max_distance,min_distance_delta,max_distance_delta,vehicle,crashed
PATH,10.0,0.0,100.0,False,10.0,0.0,0.0,10.0,10.0911,10.0,0.09110000000000085,2,True
PATH,10.0,0.0,100.0,True,10.0,0.0,0.0,10.0,10.0903,10.0,0.09029999999999916,2,True
Consensus,10.0,0.0,100.0,False,10.0,0.0,8.68395,10.0,11.1054,1.3160500000000006,1.1053999999999995,2,False
Consensus,10.0,0.0,100.0,True,10.0,0.0,8.78195,10.0,11.1039,1.2180499999999999,1.1038999999999994,2,False
Flatbed,10.0,0.0,100.0,False,10.0,0.0,9.70054,10.0,10.0993,0.29945999999999984,0.0992999999999995,2,False
Flatbed,10.0,0.0,100.0,True,10.0,0.0,9.7745,10.0,10.0982,0.22550000000000026,0.09820000000000029,8,False
Ploeg,2.0,0.288,100.0,False,10.0,0.0,4.38092,10.0,10.589,5.61908,0.5890000000000004,2,False
Ploeg,2.0,0.288,100.0,True,10.0,0.0,4.54008,10.0,10.5879,5.45992,0.5878999999999994,2,False
