controller,spacing,headway,leaderSpeed,useRadarPredSpeed,attackStart,repetition,min_distance,expected_distance,max_distance,min_distance_delta,max_distance_delta,vehicle,crashed
PATH,10.0,0.0,100.0,False,10.0,0.0,9.88518,10.0,10.0972,0.11481999999999992,0.09720000000000084,2,False
PATH,10.0,0.0,100.0,True,10.0,0.0,9.8861,10.0,10.0966,0.11389999999999922,0.09660000000000046,2,False
Consensus,10.0,0.0,100.0,False,10.0,0.0,5.47213,10.0,11.1054,4.52787,1.1053999999999995,3,False
Consensus,10.0,0.0,100.0,True,10.0,0.0,5.47595,10.0,11.1039,4.52405,1.1038999999999994,3,False
Flatbed,10.0,0.0,100.0,False,10.0,0.0,9.9051,10.0,10.0993,0.09490000000000087,0.0992999999999995,2,False
Flatbed,10.0,0.0,100.0,True,10.0,0.0,9.90623,10.0,10.0982,0.09376999999999924,0.09820000000000029,2,False
Ploeg,2.0,0.288,100.0,False,10.0,0.0,9.58073,10.0,10.589,0.41926999999999914,0.5890000000000004,2,False
Ploeg,2.0,0.288,100.0,True,10.0,0.0,9.58218,10.0,10.5879,0.41782000000000075,0.5878999999999994,2,False
